Workbook

Sheet Data request index
A1: Data request
B8: Index
B10: 1 | C10: Employees by Economic Activity | H10: Link
B11: 2 | C11: compensation of Employees by Economic Activity | H11: Link
B13: Kindly note all cells highlighted in 'Yellow' indicate input cells that are essential

Sheet 1. Employees
A1: Employees by Economic Activity
A9: Economic Activity | B9: 2022 | C9: Revised 2022 | D9: Difference 2022 | E9: % change from revision | F9: 2023 | G9: 2024*
A11: Agriculture, forestry and fishing | B11: 8286.8025 | C11: 8287 | D11: =C11-B11 -> 0.19752326 | E11: =(D11)/B11 -> 2.3835884e-05 | F11: 5950 | G11: 4638
A12: Mining and quarrying | B12: 5700.8329 | C12: 5252 | D12: =C12-B12 -> -448.83288 | E12: =(D12)/B12 -> -0.078731106 | F12: 4455 | G12: 4305
A13: Manufacturing | B13: 305350.05 | C13: 307125 | D13: =C13-B13 -> 1774.9534 | E13: =(D13)/B13 -> 0.0058128481 | F13: 346809 | G13: 347149
A14: Electricity, gas, and water supply; waste management activities | B14: 17761.545 | C14: 17858 | D14: =C14-B14 -> 96.454795 | E14: =(D14)/B14 -> 0.0054305407 | F14: 18235 | G14: 19106
A15: Construction | B15: 702337.85 | C15: 702355 | D15: =C15-B15 -> 17.145205 | E15: =(D15)/B15 -> 2.4411621e-05 | F15: 745376 | G15: 923525
A16: Wholesale and retail trade; repair of motor vehicles and motorcycles | B16: 742303.05 | C16: 764878 | D16: =C16-B16 -> 22574.953 | E16: =(D16)/B16 -> 0.030412045 | F16: 799991 | G16: 805113
A17: Transportation and storage | B17: 345488.79 | C17: 348266 | D17: =C17-B17 -> 2777.2078 | E17: =(D17)/B17 -> 0.008038489 | F17: 383384 | G17: 374860
A18: Accommodation and food service activities | B18: 269362.8 | C18: 269717 | D18: =C18-B18 -> 354.2 | E18: =(D18)/B18 -> 0.0013149551 | F18: 295302 | G18: 315608
A19: Information and communication | B19: 78846.995 | C19: 81532 | D19: =C19-B19 -> 2685.0055 | E19: =(D19)/B19 -> 0.034053365 | F19: 115476 | G19: 122638
A20: Financial and insurance activities | B20: 43604 | C20: 56464 | D20: =C20-B20 -> 12860 | E20: =(D20)/B20 -> 0.29492707 | F20: 62523 | G20: 71253
A21: Real estate activities | B21: 52342.036 | C21: 74892 | D21: =C21-B21 -> 22549.964 | E21: =(D21)/B21 -> 0.4308194 | F21: 93453 | G21: 109787
A22: Professional, scientific and technical activities | B22: 204338.91 | C22: 214843 | D22: =C22-B22 -> 10504.088 | E22: =(D22)/B22 -> 0.051405225 | F22: 341584 | G22: 401776
... A29: Activities of households as employers; undifferentiated goods- and services-producing activities of households for own use | B29: 124883.44 | C29: 124883 | D29: =C29-B29 -> -0.445 | E29: =(D29)/B29 -> -3.5633226e-06 | F29: 143042 | G29: 140646
A30: Total | B30: =SUM(B11:B29) -> 3595472.1 | C30: 3697406 | D30: =C30-B30 -> 101933.86 | E30: =(D30)/B30 -> 0.028350619 | F30: 4111152 | G30: 4470479
A32: To be updated / provided
A33: * Preliminary Estimation

Sheet 2. Compensation of Employees
A1: Compensation of Employees by Economic Activity
A8: Value in Million AED | J8: Compensation of employees/ employee
A9: Economic Activity | B9: 2022 | C9: Revised 2022 | D9: Difference 2022 | E9: % change from revision | F9: 2023 | G9: 2024* | J9: 2022 | K9: Revised 2022 | L9: % change from revision | M9: 2023 | N9: 2024*
J10: 2022
A11: Agriculture, forestry and fishing | B11: 233 | C11: 233 | D11: =C11-B11 -> 0 | E11: =(D11)/B11 -> 0 | F11: 235 | G11: 241 | J11: =B11*10^6/'1. Employees'!B11 -> 28116.997 | K11: =C11*10^6/'1. Employees'!C11 -> 28116.327 | L11: =(K11-J11)/J11 -> -2.3835316e-05 | M11: =F11*10^6/'1. Employees'!F11 -> 39495.798 | N11: =G11*10^6/'1. Employees'!G11 -> 51962.053
A12: Mining and quarrying | B12: 1238 | C12: 1104 | D12: =C12-B12 -> -134 | E12: =(D12)/B12 -> -0.1082391 | F12: 1360 | G12: 1346 | J12: =B12*10^6/'1. Employees'!B12 -> 217161.25 | K12: =C12*10^6/'1. Employees'!C12 -> 210205.64 | L12: =(K12-J12)/J12 -> -0.032029725 | M12: =F12*10^6/'1. Employees'!F12 -> 305274.97 | N12: =G12*10^6/'1. Employees'!G12 -> 312659.7
A13: Manufacturing | B13: 18990 | C13: 18996 | D13: =C13-B13 -> 6 | E13: =(D13)/B13 -> 0.00031595577 | F13: 21230 | G13: 21853 | J13: =B13*10^6/'1. Employees'!B13 -> 62190.919 | K13: =C13*10^6/'1. Employees'!C13 -> 61851.038 | L13: =(K13-J13)/J13 -> -0.0054651244 | M13: =F13*10^6/'1. Employees'!F13 -> 61215.251 | N13: =G13*10^6/'1. Employees'!G13 -> 62949.915
A14: Electricity, gas, and water supply; waste management activities | B14: 4344 | C14: 4388 | D14: =C14-B14 -> 44 | E14: =(D14)/B14 -> 0.010128913 | F14: 4720 | G14: 5024 | J14: =B14*10^6/'1. Employees'!B14 -> 244573.32 | K14: =C14*10^6/'1. Employees'!C14 -> 245716.21 | L14: =(K14-J14)/J14 -> 0.0046729958 | M14: =F14*10^6/'1. Employees'!F14 -> 258842.88 | N14: =G14*10^6/'1. Employees'!G14 -> 262954.05
A15: Construction | B15: 20527 | C15: 20630 | D15: =C15-B15 -> 103 | E15: =(D15)/B15 -> 0.0050177815 | F15: 21435 | G15: 22681 | J15: =B15*10^6/'1. Employees'!B15 -> 29226.675 | K15: =C15*10^6/'1. Employees'!C15 -> 29372.611 | L15: =(K15-J15)/J15 -> 0.0049932479 | M15: =F15*10^6/'1. Employees'!F15 -> 28757.298 | N15: =G15*10^6/'1. Employees'!G15 -> 24559.162
A16: Wholesale and retail trade; repair of motor vehicles and motorcycles | B16: 53229 | C16: 64361 | D16: =C16-B16 -> 11132 | E16: =(D16)/B16 -> 0.20913412 | F16: 65448 | G16: 78262 | J16: =B16*10^6/'1. Employees'!B16 -> 71707.91 | K16: =C16*10^6/'1. Employees'!C16 -> 84145.445 | L16: =(K16-J16)/J16 -> 0.17344719 | M16: =F16*10^6/'1. Employees'!F16 -> 81810.92 | N16: =G16*10^6/'1. Employees'!G16 -> 97206.231
A17: Transportation and storage | B17: 30164 | C17: 30822 | D17: =C17-B17 -> 658 | E17: =(D17)/B17 -> 0.021814083 | F17: 35752 | G17: 37289 | J17: =B17*10^6/'1. Employees'!B17 -> 87308.187 | K17: =C17*10^6/'1. Employees'!C17 -> 88501.318 | L17: =(K17-J17)/J17 -> 0.013665742 | M17: =F17*10^6/'1. Employees'!F17 -> 93253.761 | N17: =G17*10^6/'1. Employees'!G17 -> 99474.47
A18: Accommodation and food service activities | B18: 13378 | C18: 13378 | D18: =C18-B18 -> 0 | E18: =(D18)/B18 -> 0 | F18: 14306 | G18: 15377 | J18: =B18*10^6/'1. Employees'!B18 -> 49665.358 | K18: =C18*10^6/'1. Employees'!C18 -> 49600.136 | L18: =(K18-J18)/J18 -> -0.0013132283 | M18: =F18*10^6/'1. Employees'!F18 -> 48445.32 | N18: =G18*10^6/'1. Employees'!G18 -> 48721.832
A19: Information and communication | B19: 9900 | C19: 16927 | D19: =C19-B19 -> 7027 | E19: =(D19)/B19 -> 0.70979798 | F19: 19038 | G19: 19598 | J19: =B19*10^6/'1. Employees'!B19 -> 125559.64 | K19: =C19*10^6/'1. Employees'!C19 -> 207611.74 | L19: =(K19-J19)/J19 -> 0.65349105 | M19: =F19*10^6/'1. Employees'!F19 -> 164865.43 | N19: =G19*10^6/'1. Employees'!G19 -> 159803.65
A20: Financial and insurance activities | B20: 12122 | C20: 20624 | D20: =C20-B20 -> 8502 | E20: =(D20)/B20 -> 0.70136941 | F20: 24396 | G20: 27802 | J20: =B20*10^6/'1. Employees'!B20 -> 278002.02 | K20: =C20*10^6/'1. Employees'!C20 -> 365259.28 | L20: =(K20-J20)/J20 -> 0.31387276 | M20: =F20*10^6/'1. Employees'!F20 -> 390192.41 | N20: =G20*10^6/'1. Employees'!G20 -> 390187.08
A21: Real estate activities | B21: 6997 | C21: 11650 | D21: =C21-B21 -> 4653 | E21: =(D21)/B21 -> 0.66499929 | F21: 11782 | G21: 8253 | J21: =B21*10^6/'1. Employees'!B21 -> 133678.41 | K21: =C21*10^6/'1. Employees'!C21 -> 155557.34 | L21: =(K21-J21)/J21 -> 0.16366837 | M21: =F21*10^6/'1. Employees'!F21 -> 126074.07 | N21: =G21*10^6/'1. Employees'!G21 -> 75172.835
A22: Professional, scientific and technical activities | B22: 17570 | C22: 21092 | D22: =C22-B22 -> 3522 | E22: =(D22)/B22 -> 0.20045532 | F22: 23724 | G22: 19757 | J22: =B22*10^6/'1. Employees'!B22 -> 85984.602 | K22: =C22*10^6/'1. Employees'!C22 -> 98174.015 | L22: =(K22-J22)/J22 -> 0.14176275 | M22: =F22*10^6/'1. Employees'!F22 -> 69452.902 | N22: =G22*10^6/'1. Employees'!G22 -> 49174.167
... A30: Total | B30: 241573 | C30: 282688 | D30: =C30-B30 -> 41115 | E30: =(D30)/B30 -> 0.170197 | F30: 305527 | G30: 317561 | J30: =B30*10^6/'1. Employees'!B30 -> 67188.116 | K30: =C30*10^6/'1. Employees'!C30 -> 76455.764 | L30: =(K30-J30)/J30 -> 0.13793582 | M30: =F30*10^6/'1. Employees'!F30 -> 74316.639 | N30: =G30*10^6/'1. Employees'!G30 -> 71035.117
A32: To be updated / provided
A33: * Preliminary Estimation
